{
  "Total" : {
    "transaction" : "Total",
    "sampleCount" : 45285,
    "errorCount" : 73,
    "errorPct" : 0.16120128,
    "meanResTime" : 127.12971182510735,
    "medianResTime" : 92.0,
    "minResTime" : 17.0,
    "maxResTime" : 30536.0,
    "pct1ResTime" : 248.0,
    "pct2ResTime" : 556.0,
    "pct3ResTime" : 1175.0,
    "throughput" : 376.20250220147204,
    "receivedKBytesPerSec" : 17384.66247967273,
    "sentKBytesPerSec" : 46.290542263071764
  },
  "GET LearnWebServices" : {
    "transaction" : "GET LearnWebServices",
    "sampleCount" : 45285,
    "errorCount" : 73,
    "errorPct" : 0.16120128,
    "meanResTime" : 127.12971182510735,
    "medianResTime" : 92.0,
    "minResTime" : 17.0,
    "maxResTime" : 30536.0,
    "pct1ResTime" : 248.0,
    "pct2ResTime" : 556.0,
    "pct3ResTime" : 1175.0,
    "throughput" : 376.20250220147204,
    "receivedKBytesPerSec" : 17384.66247967273,
    "sentKBytesPerSec" : 46.290542263071764
  }
}